Arizona Cardinals,par_01hqmkr1xsfxmrj5pdq0f23asx
Atlanta Falcons,par_01hqmkr1xtexkbhkq7ct921rne
Baltimore Ravens,par_01hqmkr1xvev9rf557fy09k2cx
Buffalo Bills,par_01hqmkr1xwe6prjwr3j4gpqwx8
Carolina Panthers,par_01hqmkr1xxf2ebbqzb95qzxxxm
Chicago Bears,par_01hqmkr1xye20ahvp8fr2bvt74
Cincinnati Bengals,par_01hqmkr1xze7xbceshy9tka512
Cleveland Browns,par_01hqmkr1y0ez5bem3gdncd8a0d
Dallas Cowboys,par_01hqmkr1y1esas88pmaxe87by4
Denver Broncos,par_01hqmkr1y2e15tjsz9afcsj7da
Detroit Lions,par_01hqmkr1y3fex9sq94dgg1107y
Green Bay Packers,par_01hqmkr1y4ez38hyananses4hq
Houston Texans,par_01hqmkr1y5f63reha26n71p2jx
Indianapolis Colts,par_01hqmkr1y6f10rxbf8y2y2xthh
Jacksonville Jaguars,par_01hqmkr1y7e2r9kcn2qe0dt1d5
Kansas City Chiefs,par_01hqmkr1y8e9gt2q2rhmv196pv
Las Vegas Raiders,par_01hqmkr1y9fkaaeekn9w035jft
Los Angeles Chargers,par_01hqmkr1yafvas6wtv3jfs9f7a
Los Angeles Rams,par_01hqmkr1ybfmfb8mhz10drfe21
Miami Dolphins,par_01hqmkr1ycf7dsbr1997gz03y9
Minnesota Vikings,par_01hqmkr1ydf6vrfmd5f07caj88
New England Patriots,par_01hqmkr1yeffz9y9spwv8bx3na
New Orleans Saints,par_01hqmkr1yfe62tp0rvy8bn2jyc
New York Giants,par_01hqmkr1ygfzrv5sqe2v97c43e
New York Jets,par_01hqmkr1yhe4sb3y0wfzga67tf
Philadelphia Eagles,par_01hqmkr1yjedgakx37g743855e
Pittsburgh Steelers,par_01hqmkr1yker5bwcznt0b1jpj1
San Francisco 49ers,par_01hqmkr1ymfv0a8kfg96ha10ag
Seattle Seahawks,par_01hqmkr1ynfwaa91y9zvagkavd
Tampa Bay Buccaneers,par_01hqmkr1ypeszan8sq8dh7rqbg
Tennessee Titans,par_01hqmkr1yqexebpc06vyfwxqqm
Washington Commanders,par_01hqmkr1yrfsvbjjasn01a7xz4
